<LinearLayout xmlns:android="http://schemas.android.com/apk/res/android"
    xmlns:tools="http://schemas.android.com/tools"
    android:layout_width="match_parent"
    android:layout_height="match_parent"
    android:orientation="vertical"
    tools:context=".Sample1PoiDetailActivity" >

    <LinearLayout android:orientation="horizontal" android:layout_width="match_parent" android:layout_height="wrap_content" android:padding="10dip">
	    <TextView android:layout_width="fill_parent" android:layout_height="wrap_content" android:layout_weight="1" android:text="@string/poi_id" /> 
	    <TextView android:layout_width="fill_parent" android:layout_height="wrap_content" android:layout_weight="1" android:id="@+id/poi_id"/>
    </LinearLayout>
    
    <LinearLayout android:orientation="horizontal" android:layout_width="match_parent" android:layout_height="wrap_content" android:padding="10dip">
	    <TextView android:layout_width="fill_parent" android:layout_height="wrap_content" android:layout_weight="1" android:text="@string/poi_name" /> 
	    <TextView android:layout_width="fill_parent" android:layout_height="wrap_content" android:layout_weight="1" android:id="@+id/poi_title"/>
    </LinearLayout>
    
    <LinearLayout android:orientation="horizontal" android:layout_width="match_parent" android:layout_height="wrap_content" android:padding="10dip">
	    <TextView android:layout_width="fill_parent" android:layout_height="wrap_content" android:layout_weight="1" android:text="@string/poi_description" /> 
	    <TextView android:layout_width="fill_parent" android:layout_height="wrap_content" android:layout_weight="1" android:id="@+id/poi_description"/>
    </LinearLayout>

</LinearLayout>